filename,size_bytes,sha256
contwt.m,6606,237cfa16a7af394c1dbc5edc7f2179e2fe816b0a1c8352d31a6a02c64153eb92
create_dir.m,208,0a8979298132955bf4ce545cf12e3da5ace29c180a5376db3aa9958e427cb54d
gaussian_generation.m,4621,9af7e929f02c24923adb5dab8c5f66deb42641f85145280f7a9b2bec847a2d7a
generate_dataset.m,13708,0af9474903a08d92117309c1fdaf75d475842aed7bc809079ed4c68233a84b51
generate_dataset_raw_ECG.m,13040,8bd32bb9d19c6b35d8881a3aa4ae193f3364ee50d4d4c5be075fde8db0dd40b6
generate_inference_dataset.m,9732,3e57749e3d5e0b61b6a35b718e99095dc7930cc874b8bdab5ddd39d78cb6de13
generate_inference_dataset_raw_ECG.m,9986,de0f0d7a2ee9a9f2e5e3b1fd91a7d361c6b8f0e663bac5158250cf79bf8fe2b7
generate_r_peaks_only.m,1201,46dad1a6dafd1b98092346c7086511eb41686c31a737a6e641cf410a730cb05e
invcwt.m,2117,4869ca812302e1bae29b412e41f8db03e5fef628a673083340762d0073708e94
print_file_duration.m,1021,e57016142b3503d4bcd5abdeb5e98748e853caaefe8359692a6e38bdfddc5609
save_ground_truth.m,410,c80e597fc6f92fb32597fe9c50b97e843466e8917f816ee3a5e947ead225230a
visualize_dataset_samples.m,8590,be42fc238a058ddfb0e2ae10c47a02a1ca57db17ad43cc758888766e4583f7fc
wave_bases.m,3180,c824923c403a39c88e3b5247e09a15705a6c1d4448e8a5c368fff8bfdace8190
wt_noise_reduction.m,679,a8d09eebef4162cd85dfb24b782bc621f4e6ca7237fac8fdc534906cc7b9571d