participant,file_name,size_bytes,md5,download_url
P1,[2025_08_05][14h30min][ECG+HS].txt,87414473,3005476119bab1880681a89b8e72969e,https://ndownloader.figshare.com/files/63416571
P2,[2025_08_28][16h58min][ECG+HS].txt,107349709,f2caa2368504bc6a845b14f59514cb9b,https://ndownloader.figshare.com/files/63416607
P3,[2025_09_17][11h41min][ECG+HS].txt,220797201,f31e6743131e492df164e214c089bc58,https://ndownloader.figshare.com/files/63416610
P4,[2025_09_24][13h17min][ECG+HS].txt,145138338,2ef35d611c45f9a457a6629a3c39f5d0,https://ndownloader.figshare.com/files/63416673
P5,[2025_09_30][14h58min][ECG+HS].txt,172203776,634760ae29bea535abb9928865127935,https://ndownloader.figshare.com/files/63416733
P6,[2025_10_02][12h37min][ECG+HS].txt,222531497,9f85f0418a3b2cf7ae9e3477ebcd0097,https://ndownloader.figshare.com/files/63416787
P7,[2025_10_02][13h51min][ECG+HS].txt,288948482,a219680c50cc4effbcf1711fd68e0cfc,https://ndownloader.figshare.com/files/63416820
P8,[2025_10_02][16h51min][ECG+HS].txt,285618519,5d9c024fb54d72c5f0d59ad9b8962c28,https://ndownloader.figshare.com/files/63416883
P9,[2025_10_06][10h49min][ECG+HS].txt,285834534,cdcc3f6bc7725b4ab1bc21ebc9f18019,https://ndownloader.figshare.com/files/63416928
P10,[2025_10_06][11h45min][ECG+HS].txt,285158995,d8e54c98071bc4577fb4ab51262c4a67,https://ndownloader.figshare.com/files/63416967
P11,[2025_10_06][13h51min][ECG+HS].txt,282039046,ed23336078086b48237faa30228dcaa9,https://ndownloader.figshare.com/files/63417360
P12,[2025_10_07][10h56min][ECG+HS].txt,289655791,84100dbddc7dcdb3ba4809cde2d18c2d,https://ndownloader.figshare.com/files/63417435
P13,[2025_10_07][13h48min][ECG+HS].txt,286162296,a30310e0e9bd0dbec7016310bc7b9399,https://ndownloader.figshare.com/files/63417444